name;spelling;born;country;start_year;end_year;played_1v1;played_tg;voobly_elo;earnings;teams
TheViper;viper;1991;no;2011;-1;2239;166;2729;351051.99;Knights of the Realm, BuzZ, Revenge of Knight, TyRanT, Team Secret, GamerLegion
Hera;;1999;ca;2013;-1;4970;1129;2673;322072.04;WolfpacK, The Immortals, Heresy, Aftermath, Tempo Storm, GamerLegion
Liereyy;;2002;at;2016;-1;1325;51;2625;232812.43;CZ,Aftermath,Tempo Storm,WeSports
TaToH;;1989;es;2001;-1;1049;2447;2630;215652.23;WolfpacK,TyRanT,Team Secret,GamerLegion,Devil's Justice
Yo;mr_yo,mr yo;1992;cn;2011;-1;3574;1720;2693;175304.47;PBT,SY,YinYang,White Wolf Palace,LingYuan
DauT;;1985;rs;2002;-1;2876;189;2638;160556.92;The Legion Clan,ArgoNaut,CsI,Viper,TyRanT,,Team Secret,GamerLegion
JorDan_AoE;Jordan_23,Jordan;1991;de;2002;2024;2082;261;2546;109372.08;RuFF,Viper,Revenge of Knight,TyRanT,Team Secret,GamerLegion
MbL;;1994;no;2013;-1;6944;474;2742;102581.54;Run Forrest Run,WolfpacK,Nadya's Boys,Aftermath,Taiwan Aoe Gamer
ACCM;;1989;vn;2005;-1;3858;257;2550;83941.7;Vietnam Legends,mYinsanity
Villese;;1994;fi;2014;-1;3482;972;2568;82873.35;Suomi
Grunt;iamgrunt,mossar;1983;kr;2001;2011;;;;74430.5;CNS,Berserkers,TyRanT
Vinchester;vinch;1998;ru;2010;-1;2025;937;2479;72650.37;WolfpacK,Vikings,SalzZ
Nicov;nivoc;1992;ar;2001;-1;2430;1562;2607;64194.75;Dreamers,WolfpacK,Aftermath,Unforseen Consequences,Bots United
dogao;;1991;br;2004;-1;2414;645;2572;58024.5;Viper,Revenge of Knight,The Legion Clan,WolfpacK,Lords of Skulls,SY,Brazukas,Heresy,Los Machos,CDUB Esports,TSI,FellowSheep Gaming
vivi;Fat_Dragon ;1993;cn;2012;-1;707;1418;2722;45136.85;Frantic,Chao Ren,_AreS_,SY,YinYang,White Wolf Palace,LingYuan
Capoch;;1987;ar;2001;-1;2206;184;;42960.71;RiZen,The Legion Clan,Infinity Legends,Imperiales Team
Hearttt;heart,heartt;1996;pe;2012;-1;4437;129;2544;42139.63;Aftermath,WeSports
Sitaux;;1999;fr;2015;-1;1869;5027;2366;41338.05;Heresy,mYinsanity,Taiwan Aoe Gamer
Chris;L_clan_chris;1987;ca;2001;-1;1577;398;2514;40188.69;RiZen,The Legion Clan,The Immortals,Revenge of Knight,WolfpacK,GTL,Infinity Legends,Unforseen Consequences
slam;;1988;ca;2009;-1;3987;1527;2576;35329.96;The Immortals,Revenge of Knight,TyRanT,Team Secret,GamerLegion,Los Machos
BacT;;1991;vn;2007;2023;2707;561;2575;34168.38;TyRanT,Vietnam Legends,Infinity Legends
Halen;;1984;jp;2001;2011;;;;33987.64;CNS,Berserkers,Unholy Disciples,Poison of Zone,TyRanT
Barles;_barles_;;pl;2013;-1;3201;732;2375;31594.77;The Jedi Masters,The Amigos
Sebastian;sebastian2002;2002;uy;2017;-1;2914;939;;30720.2;DarkSidE,Fox
Lyx;;1986;cn;2010;-1;2666;4137;2458;29304.5;CSC,Frantic,SY,YinYang,White Wolf Palace,LingYuan
TheMax;Max;;fi;2012;-1;1132;3521;2599;28969.58;Suomi
RiuT;;1993;br;2003;2023;671;194;2475;27415.74;Revenge of Knight,TyRanT,Lords of Skulls,Brazukas,Infinity Legends,KGB
F1re;;1988;br;2009;-1;4819;1749;2551;26186.63;FOX (brazil team),Fully Torqued,TyRanT,Brazukas,KGB
miguel;;1992;br;2007;-1;2565;782;2476;25745.52;Lords of Skulls,Brazukas,Heresy,Los Machos,Fs,Unforseen Consequences,Bots United
Mozory;;1983;kr;2000;2001;;;;25050;
FreakinAndy;;1997;at;2020;-1;3036;1540;;24604.77;Freakin,mYinsanity
Kaohen;;1977;tw;2000;2004;;;;20020;
IamKmkm;;1984;tw;2001;2002;;;;20000;
Valas;;;fi;2015;-1;2340;1272;2319;19970.54;The Amigos,Suomi
kkab;kkab__;;kr;2003;2015;;;2176;19543.59;CNS,Berserkers,TyRanT
Koven;;1980;kr;2000;2014;;;;17675;Arch,Berserkers,TyRanT
Tim;Tim_;1981;cn;2008;-1;945;1218;2577;17500.9;CyZ,CSC,RVK,Frantic,Chinese Kung Fu,Chao Ren,White Wolf Palace
IamJordan;Jcool;;tw;;;;;;16686.51;The Legion Clan
saymyname;yellow;1989;vn;2005;-1;3670;5211;2533;15144.59;Vietnam Legends
Daniel;;1995;us;2012;-1;3418;430;2424;13908.62;Poison of Zone,Alliance,Brazukas,PetGunPet,Infinity Legends,White Wolf Palace,mYinsanity
Rubenstock;;1996;fi;2011;-1;4293;1040;2366;13167.2;Suomi
Ganji;;1998;se;2015;-1;330;371;2035;13094.28;The Jedi Masters,Rulers of Rome,The Amigos
Margougou;margou;2002;fr;2020;-1;2231;2029;;12720.57;mYinsanity,Fox
KingstoNe;kingston;;mx;2009;-1;3195;2477;1906;12441.01;Combi
Dark;;2004;ru;2013;-1;3597;461;2048;12373.3;SalzZ,3D!Clan,Fox,Ybati
classicpro;;1995;ua;2013;-1;2324;981;2280;12355.07;Vikings,SalzZ
LaaaaaN;lan;1996;es;2014;-1;1240;267;2518;12049.98;Los Machos,Dreamers,Heresy
Chun_Yu;chunyu,yanzi;1986;hk;2001;2007;;;;11902.5;Berserkers,Poison of Zone
paladin;fengxin;;cn;2009;-1;561;5958;2343;11747.67;Noobs From QQ,Chinese Kung Fu,SY,White Wolf Palace
IamKen;;;tw;2001;2002;;;;11466.29;
Jidba;;1986;gr;2001;-1;118;809;;11330.83;The Legion Clan,pG,Exalted,MorTaL,ELLaS,ArgoNaut,CsI,Berserkers,TyRanT
Zuppi;;1990;fi;2004;2022;1871;91;2466;11063.71;The Wolf Pack,Nadya's Boys,Suomi
St4rk;;1991;br;2002;-1;1741;539;2437;10910.29;Viper,Vietnam Legends,Revenge of Knight
Mihai06;mihai;2003;ro;2020;-1;5099;1959;;10644.51;Fox
LoveCheng;;;cn;2012;-1;;;;10606.86;Noobs From QQ,Chinese Kung Fu, SY
Nili_AoE;Nili;1988;de;2002;-1;2761;151;2330;10408.25;Tsunami,newChapter,Heresy,Team Secret,GamerLegion,Bots United
Nv_;nv;;kr;;;;;;9403.2;
The_Dragonstar;dragonstar;1999;in;2017;-1;3029;3975;2221;9098.7;Dark Empire,InDuS,BLACKSAILS
Bender;;1983;de;2002;2015;;;;9069.45;pG,The Legion Clan
Sora Kuma;;1999;tw;2018;-1;1726;1404;2000;8816.54;Meow mi,Kyo All Fallen,Taiwan Aoe Gamer
Tammy;Ding;;hk;2007;2016;;;;8070;MyST,Poison of Zone
PROject_Belgium;bugum;1997;be;2014;2023;3886;191;2420;8064.81;PetGunPet,Infinity Legends,mYinsanity,Alliance
Modri;;;si;2013;-1;1578;593;2318;7718.16;The Amigos
repard;;;ru;2013;-1;2679;692;2352;7632.08;Ybati
North;;;gb;;;;;;7500;
GX_Iron;Iron;;us;;;;;;7500;GX
True;;;us;2002;-1;632;760;;7465.88;QuEnDi,The Legion Clan
BruH;;1991;br;2006;-1;3847;560;2356;7445.69;Revenge of Knight,Lords of Skulls,DNA,The Legion Clan,Bots United,The Brotherhood Kappa,NTC,Arcano,QuEnDi,Unforseen Consequences,Bots United
BadBoy;badb0y_;1991;vn;2009;-1;1011;1230;2326;7431.84;Vietnam Legends
jibatong;jbt;;cn;2009;-1;2988;2083;2524;6474.78;SY,White Wolf Palace,LingYuan
GeeK;tea,tui_dominus;;gb;2001;2006;;;;6452.67;RiZen,The Legion Clan,CsI,zilla
TheCode;code;1989;tr;2015;-1;;;;6351.33;SuPeRNovA
Running;;1995;de;2018;-1;3722;1634;2018;6209.5;
FeAge;;1991;br;2002;-1;1263;895;2321;6033.14;Revenge of Knight,The Immortals,WolfpacK,Fs,Imba
Cl3m3nT;;1997;fr;2010;-1;1234;747;2051;6028.89;WOTC,Fox,FrCo
Bad Koala;;1996;cn;2020;-1;2354;2543;;5963.95;White Wolf Palace,LingYuan
RIP_DREAMS;;1987;nl;2002;2011;;;;5950;The Legion Clan
GoKu;;1990;br;2002;-1;736;2229;2302;5937.31;Bots United,The Legion Clan,StorM,Fully Torqued,Brazukas,KGB
Ruso;;1985;es;2003;2013;;;;5916.18;CsI,ThuG Life,The Legion Clan
SongSong;;1993;vn;2015;-1;2978;499;2402;5849;DarkSidE,Vietnam Legends
Kasva;K4SVA;1994;tr;2009;-1;7412;548;2298;5795.6;Hot Young Masters,Heresy,1907 Fenerbah�e Esports,?stanbul Wildcats
CL;CL_;;cn;;2021;421;8;2425;5327.35;Chinese Kung Fu, Chao Ren, Frantic, White Wolf Palace
Alive;;1985;br;2001;-1;3833;1788;2605;5317.06;KGB,The Legion Clan,Revenge of Knight
mentalist;;;ca;2010;-1;1686;876;;5177.88;Lords of Skulls,Unforseen Consequences,Brazukas,Nadya�s Boys
Vodka_L;Vodka;1996;it;2012;-1;1626;987;2313;5174.41;Rulers of Rome
Mimmox;dumbo;;it;2001;2002;;;;5025;The Legion Clan
Buddha;;1987;bg;2002;2007;;;;5001.79;Se7eN,Olympus,The Legion Clan
Fedex;;1993;ar;2003;-1;934;1193;2240;4842.84;ReBeL,Clan Nerd,Clan Arg,Dreamers,Dark Age Rules,Gaucho
Lucky Rox;;2000;ar;2019;-1;1570;832;2018;4820.84;Latin Kingdoms,DarkSidE,Dreamers
Babaorum;;1990;fr;2001;-1;4711;693;2363;4678.21;
NO_23;_chy_23k,Miss_Xue;;cn;;-1;440;6383;;4476.23;SY,King
El KhaLeN;Khalen;;fr;;;19;44;;4453.24;
CooL;;1992;vn;2011;-1;268;138;2374;4331.81;Vietnam Legends
Spring;;1987;us;1999;-1;4723;2044;2344;4315.4;Berserkers,Viper,BuzZ,Revenge of Knight,Heresy,Dark Empire
jamesXX;;;cn;;;;;;4290.52;
Ciskhan;;2003;fr;2021;-1;2717;1483;;4153.16;Fox
Sobek;;1996;cl;2011;-1;1981;2069;2358;4075.33;The Immortals,Lords of Skulls,NHN,Chilean Masters,Rulers of Rome,Imperiales Team,QueNaNiNa,Team Honor,DarkSidE
Kaiser_Willhelm;;;se;2000;2002;;;;4000; Myth
Rami;blade,ramirez;;il;2003;2006;;;;3991.67;RiZen,CsI,StorM,ArgoNaut
SY;;;cn;;-1;;;;3988.14;SY
NorthernPike;Pike;1995;fi;;2022;479;234;2337;3952.37;Nadya�s Boys,Suomi
XS_Fai;fai;;hk;;;;;;3846;
DracKeN;dracont;1995;cz;2011;-1;9513;401;2368;3770.21;Clown Legion
Kamigawa;;1995;it;2014;-1;350;2012;2122;3764.54;Rulers of Rome
I2aGE;Rage;1984;gb;1999;-1;1035;533;;3721.3;The Legion Clan,SuPeRNovA,QuEnDi
geoffrey;;;cn;;2019;;;;3704.13;CSC,PBT,Chinese Kung Fun,Chaos Run,SY
Rukie;;;es;2003;2007;;;;3676.34;WolF,Olympus,ThuG Life
xiaoxiong;;;cn;1999;-1;1438;1171;2174;3673.04;SY,White Wolf Palace
GKT_cloud;;;tw;;-1;4221;3589;2384;3570.81;Alliance,Malevolent,Kyo All Fallen,Taiwan Aoe Gamer
c.salette;;;fr;2020;-1;6419;154;;3545.51;Fox
PeEL;peel;;pl;2002;2015;;;;3539.29;PL,DnB
Ra;venom,ra_;;ca;2005;-1;347;201;2363;3506.55;TsC,The Immortals
WraTh_;;;br;;2016;;;;3505.96;CNA,Revenge of Knight,Olympus,The Legion Clan
DBD_Jinx;jinx;;us;;;;;;3500;
TheSniper;;1990;fr;2006;2023;2857;948;;3471.72;
2scareD;2s;;se;2001;2011;;;;3432.62;The Legion Clan
AntagonisT;IAnTaGoNiStI ;;ru;2020;-1;1123;1127;;3413.06;Time To Trolling,SalzZ
Frost_9;;2000;se;2008;-1;1241;184;;3375.79;FRoST,Freakin,SuPeRNovA
MuSe;crouvex;;de;2001;2002;;;;3375;pG,FDK
Lojza;;1996;cz;2011;2019;;;;3363.62;Nadya's Boys,wW,CZ
IORI;;;cn;2004;-1;185;3855;;3231.67;Berserkers,MyST
Gary;;1989;ar;2005;-1;339;3007;2200;3177.53;Bots United,Vikingos N�madas,Viper,Clan Arg,WolfpacK,Dreamers
T90Official;t90;1993;us;2015;-1;3482;1000;2207;3143.11;Los Machos
Dziamdziak;;1986;pl;2000;-1;2473;1898;;3122.75;PL,The Legion Clan
Monoz;;1993;ar;2010;-1;4032;2023;2301;3088.18;Dark Age Rules,XEVER,Dreamers
Crexis;;;ca;;;;;;3050;
Goodboy1;goodboy;1984;cn;2000;2013;;;2340;3041.23;CSC,PBT,SY,Noobs From QQ
Osiris;kraken;1981;nl;2001;2003;;;;2975;Myth,DevilZ,The Legion Clan,FDK
Daywalker;;1984;gb;1999;-1;232;48;;2897.87;SuPeRNovA,KGB
Loko;;;dk;2000;2001;;;;2863.27;DevilZ,Myth
teutonic_tanks;;;at;2015;-1;158;511;;2850.56;
Gabi;;1994;br;;-1;4071;3314;2152;2780.18;DarkSidE
Extacy;Sutra;;us;2002;2005;;;;2775;StorM,The Legion Clan
Annotoph;;1993;de;2014;-1;418;4039;;2664.33;Deceptive Cadence,mYinsanity
HigH;;;dk;2000;2001;;;;2619.89;DevilZ
Lucho;;2006;ar;2022;-1;5000;886;;2591.83;Team Maswi,Dreamers
HimT;;;hk;;;;;;2564;
Dante;;;us;2000;2002;;;;2550;StorM
Abu;Air_M_Abu,Air_Abu;;cn;2008;-1;;;2349;2482.73;Air,SY,White Wolf Palace
Fish;;;vn;2013;2023;;;2327;2479.85;Vietnam Strategy
IamOK;;;cn;2012;-1;1214;2454;;2452.66;Noobs From QQ,Chinese Kung Fu,SY,White Wolf Palace
RaYaN;;1981;kz;1999;2003;;;;2450;Malevolent,The Legion Clan
StrayDog;;;cn;1999;-1;2307;4301;;2413.78;CNA,Ares,White Wolf Palace,King
HawFchik;;;kz;;;;;;2350;
Whitecourt;;1998;cl;2009;-1;1579;2241;2211;2301.73;InLove,Chilean Masters,Rulers of Rome,QueNaNiNa,Team Honor
chart;riskydice;1997;jp;2015;-1;2138;469;2449;2294.95;Alliance,DarkSidE
Lavie_Head;Nadya;;by;2011;2021;1163;66;1803;2244.45;Vikings,Nadya's Boys
Whoop;;;cn;2015;-1;2317;8;;2210.33;Ares,White Wolf Palace
Shiri;;;kr;;;;;;2208.49;
Jaksal;;;kr;;;;;;2208.49;
OLADUSHEK;;1995;by;2014;-1;1394;381;1888;2193.97;Russia F,Sweety Boys
Uzzi;;1997;mx;2015;-1;4445;2871;2202;2179.34;Sons of the Sun,Combi
xiaofan;xiaofan;1990;cn;2005;-1;1119;375;2466;2172.16;XD,Frantic,Chao Ren,SY
SeOul;Marcelo;2002;vn;2013;-1;688;1609;2144;2154.22;Vietnam Strategy
Praxes;;1985;us;2006;2019;;;1829;2143.7;KGB
Th�nh C? Qu?ng Tr?;hope,quang tri;;vn;2022;-1;4410;223;;2102.81;Vietnam Strategy
Noisick;;1996;cl;2012;-1;1303;897;2200;2098.88;InLove,Chilean Masters,Alliance,Rulers of Rome,QueNaNiNa,Team Honor
Overtaken;YnA;2000;ee;2014;-1;3855;38;2352;2084.67;Alliance
z40;;1996;tw;2018;-1;4093;1468;2065;2055.56;Taiwan Aoe Gamer
Zastosy;;1994;pl;2020;-1;282;1602;;2042.02;
Somero;;;cz;2013;-1;1066;1138;1642;2021.21;CZ,The Amigos
Ugnis;;1984;lt;2001;2009;;;;2000;RiZen,The Legion Clan
SHS_Disciple;;;us;;;;;;2000;
Biry;;1985;ar;2015;-1;793;369;2148;1982.04;KaoS,Rulers of Rome,Clan Arg,DarkSidE
NoBoDy;;;kz;;;;;;1950;
Andorin;;;de;2010;2023;847;773;2000;1938.02;newChapter
Windy;_SWJ_Windy;;cn;2003;2013;;;;1935.71;SWJ,SY
Matt107;;1999;gb;;-1;42;612;;1929.99;
WraTh;;1984;ie;2003;2006;;;;1900.02;The Legion Clan
GP;GaryPayton ;;br;2000;2003;;;;1900;The Legion Clan
MarineLorD;;1995;fr;2019;2021;1147;466;;1882.58;
Kozmonot;Dr.Kozmonot;2000;tr;2020;-1;1977;3304;;1875.4;HOWL Esports,Hot Young Masters,BLACKSAILS
Good_Game;;2004;ru;2019;-1;7429;1722;;1864.34;SalzZ,Russia F
BT4;;;cn;2004;2008;;;;1825;MyST
sincetao;;;cn;;;;;;1816.67;
XraY;;;us;;;;;;1814.29;
DeathKnight;;;fr;;;;;;1785.32;NG
Argh;;;pl;2020;-1;3554;221;;1725.68;
Imperio_CC;;;de;2020;-1;194;1704;;1691.66;
Fanjita;fayt;1988;gb;2003;-1;11;2410;;1691.1;SaTaN,Lone,AdiX,PUB
WaRRioR;;1993;ru;2013;-1;2320;798;2029;1684.8;Vikings,SalzZ
wide;;2003;ru;2020;-1;4524;715;;1652.47;SalzZ
_hallis;hallis;1999;gb;2010;-1;3534;606;2214;1642.15;Imba,The Jedi Masters,Rulers of Rome,PUB
Cyclops;;1984;tr;2003;-1;1569;602;2336;1640.79;DnB,Rulers of Rome,Hot Young Masters,HOWL Esports
LobodeLaNieve;;1995;mx;2011;-1;1200;4319;;1638.88;Combi
BlinG;SamayanKay ;1991;gb;2007;2021;1300;25;;1629;Viper
Jupe;;1995;fi;2012;-1;1475;898;2024;1624.64;The Jedi Masters,Suomi
Spaden;;1995;se;2010;-1;620;593;2216;1617.18;Lords of Skulls,Nadya's Boys,Run Forrest Run,Brazukas
Mununez;;;us;2022;-1;1590;1211;;1611.76;The Amigos
_Super_XuE;;;cn;;;;;;1598.44;
MING;;;hk;2017;-1;2255;789;2301;1559.07;White Wolf Palace
Feige;RediRodion ;;pl;;-1;1909;1452;;1556.5;mYinsanity
DreaIVIS;;;fi;2003;-1;244;27;2405;1556.12;CsI,DnB,StorM,TyRanT
Yasin;Yax;;tr;2008;-1;1954;1450;2049;1544.61;Hot Young Masters,HOWL Esports
Hammet;;;br;;;;;;1537.5;
KicK;;;es;;;;;;1531.91;ThuG Life
Sensar;;;us;2020;-1;736;766;;1513.33;
zyatou;;;jp;2001;2003;;;;1500;
Tamock;tamock_;;fr;2001;2002;;;;1500;RiZen
JackK;;1989;pl;2005;-1;2634;975;2226;1455.46;PL
ShiNe;Tsu_ShiNe,ShiNe_;;de;2004;2018;;;1681;1449.16;Tsunami
Melkor;Mattheus ;1996;ie;2011;2019;;;;1430.66;The Jedi Masters,Heresy
komtan;;1991;jp;2009;-1;2716;318;2170;1429.17;
PaTiN;;1985;ar;2011;-1;1658;1854;2199;1405.78;Sons of the Sun,Gaucho,Clan Arg
Sunset;;;fi;;-1;404;3098;;1404.85;The Wolf Pack
Whocl;;2001;cl;2017;-1;3908;2505;2300;1390.89;Imperiales Team,QueNaNiNa,Combi,Team Honor
Poisn;;;ca;2004;-1;122;755;;1380.96;Berserkers
Aluba;;1980;tw;2001;2002;;;;1379.77;
Twigg;;1997;ar;2014;-1;2533;195;2543;1376.53;DarkSidE
Wisepii;;1993;cl;2015;2023;1015;3430;2020;1363.25;InLove,Team Honor
uNLeAsHeD;Leash;1990;us;2001;-1;342;597;;1358.63;OMG,MorTaL,QuEnDi
jouds;;;de;2021;-1;512;1795;;1351.33;
FreakinChris;;;at;2020;-1;37;1036;;1350.81;Freakin
Survivalist;;1992;ca;2016;-1;10905;456;;1342.95;
Darknoob;;1992;nl;2013;-1;7076;2035;2295;1332.59;Clown Legion
Nacho;Riverplation;1995;ar;2012;-1;1461;244;;1300;
Ondrej94;;1994;sk;2012;-1;96;1629;;1296;
JuanNNN;Juan;;ar;;-1;6;278;;1295.33;Bots United,Clan Arg,Dreamers,WolfpacK
King Boo;King_boo;;gb;2020;-1;1611;2413;;1288.98;PUB
HamRTime;;;au;2019;-1;195;4;;1284.94;
Live4Son;;;hk;;-1;;;;1282;
_Cath_Bika;;;cn;;-1;;;;1266.67;
Boomerx_;;;kz;;-1;;;;1250;
prisma09;prisma;2006;ar;2021;-1;5068;2158;;1236.8;XEVER,DarkSidE
Pela;_pela_;1997;ar;2017;-1;3603;818;2126;1234.19;Dark Age Rules,DarkSidE
Wraith;;1988;fr;2001;2022;;;;1223.88;
ratS;;;hk;2004;2015;;;;1211.9;Poison of Zone
ElNoniro;;;pl;2020;-1;386;1655;;1199.17;
rAlbEr;;1982;es;2002;-1;1759;310;;1185.51;zilla,ThuG Life,Poison of Zone
Edie;;1997;fr;2009;-1;405;91;2516;1183.05;Poison of Zone,Heresy,Dreamers
Sologhost;SoloGhostAK47;;us;2023;-1;65;926;;1177.5;
El_Matador;El matador;1995;de;;-1;7938;1194;;1172.96;
cebdos;Miaou;1992;fr;2012;-1;21;1413;2156;1168.24;
PLP;;;fr;2021;-1;3844;472;;1164.52;Fox
Ovenka;;1997;cz;2013;-1;666;1829;1913;1158.15;CZ,Devil's Justice
JonSlow;TeRRoR;1987;il;2002;-1;7795;765;2354;1139.92;Rulers of Rome,Clown Legion
LB10;;1995;at;2013;-1;757;625;2252;1138.84;newChapter
Duck;;;cn;2005;2013;;;2158;1126.72;Ares,CyZ,CSC,Chinese Kung Fu
BT_002;;;cn;;;;;;1125;MyST
feng_yun;;;cn;;;;;;1125;MyST
Leozim;;;br;2007;-1;1291;1120;;1122.98;Sons of the Sun,KGB
cloud;;;hk;;;;;;1120.36;Poison of Zone
Abe;xMexicanx;;mx;2004;2012;;;;1120;ZoD,CsI,Rulers of Rome,Sons of the Sun
Ozone;;1996;co;2020;-1;13538;1268;;1119.98;
8th_wonder;;1990;lv;2009;-1;433;110;2284;1117.84;Malevolent,Nadya's Boys
Chero;;;es;;;;;;1115;ThuG Life
Mica;Mica_,Micav;1994;ar;2017;-1;839;743;1749;1110.63;Dark Age Rules,Team Maswi,Dreamers
Dench;;1992;ru;2012;-1;1788;2155;;1109.52;Vikings
Fresh To Death;;;ru;;-1;54;3708;;1109.16;
Air_feeling;feeling;;cn;2007;2010;;;;1087.66;Air
Feanor;feanor_,Timotheus;1998;ie;2011;2020;;;2306;1082.24;Nadya's Boys,The Jedi Masters,Heresy
SeekDefeat;;;sg;;;;;;1071.97;
kyo;;;hk;;;;;;1062.03;
Kongensgade;Kongen_42,kongen;1992;dk;;-1;6456;1527;2210;1046.18;
IGs;;;br;;;;;;1025;The Legion Clan
Chrazini;;1992;dk;2013;-1;48;3187;1918;1023.68;Anvil
Logan;;;br;;;;;;1010;KGB
Fire_de;fire,pg_fire;;de;2000;2002;2805;155;;1000;The Legion Clan,pG
Magi;;;ca;2000;2001;;;;1000;RiZen
Pepin;;;fr;;;;;;1000;
HenkDeSuperNerd;;1993;nl;2016;-1;44;1568;1717;1000;sQad
PhilippHJS;;1993;de;2010;-1;1409;2558;2009;991.58;newChapter
Tiggerr;;;ca;2021;-1;6875;2602;;978.6;Tuna's Wet Market
TheMadCADer;;;us;2012;-1;;;;950;
The Bloodless;;;us;2019;-1;;;;946.25;Clown Legion
StonePleaseAoE;stoneplease;;de;2016;-1;4633;597;1986;939.24;Heavy Duty
BL4CK;;1990;ar;2004;-1;6819;742;2350;934.41;Alliance
Shed;;1998;au;2017;-1;539;2566;2021;932.4;White Wolf Palace, PetGunPet
CX_youwei;_CX_youwei,youwei;1987;cn;2013;-1;;;2112;917.33;White Wolf Palace
emalius2;emalius,basil;1988;fi;2010;-1;2350;562;1879;913.49;Suomi
Girino;;;br;;;;;;912.5;
Mullisaukko;;;fi;2020;-1;2592;3567;;909.8;Suomi
Stick;;;kz;;;;;;900;
YangGe;;;cn;;;;;;900;
_nozuonodie_;;;cn;;;;;;900;
Zain;Zain_Naik;1994;au;2015;-1;108;1399;1929;896.58;The Jedi Masters,Send it Boys,Straya
Nahuel05;;2001;ar;2020;-1;3692;1744;;894.93;XEVER
Myx4ever;;;cn;;;;;;883.33;
Nazarea;;;de;;;;;;875;StorM
FletcheR;;;no;2002;2004;;;;875;StorM
Rise;;2002;it;2017;-1;3114;649;2082;869.55;Rulers of Rome
bvirus;bvirusZilla__;;pt;2003;2015;44;168;;861.67;zilla,DnB,Poison of Zone
Nick;;1989;gb;2008;-1;69;1009;1600;860.25;Nadya�s Boys, PUB
Youpudding;;;tw;2021;-1;388;886;;857.74;
Mundi;;;hk;;;;;;854.76;Poison of Zone
MrPlanner;Anze,Anze_XR;1997;si;2009;-1;1267;350;2000;853.15;Hot Young Masters
Rayzor;;;au;2017;-1;1717;883;2100;847.71;Straya
IamZak;;;us;;-1;124;578;;839.01;
hs;CNA_hs;;cn;;;;;;838.3;CNA
JohNNieW_aLc_eR;;1991;de;2010;;;;2009;837.42;
Kaydos;;1995;au;2017;-1;2146;1226;1699;833.33;Straya
Mists;;;cn;;-1;115;477;;832.5;
B1ade;seker;;ca;2003;2014;;;;822.5;TsC,The Legion Clan,The Immortals
AngelinaJolie;;1994;nl;2012;2021;2061;1679;2343;809.92;Rulers of Rome,PetGunPet,Infinity Legends
Nanimaren;;1991;it;2012;-1;3156;1023;2210;806.26;Rulers of Rome
c0LoRz;;;us;2008;2016;;;1611;805.37;QuEnDi 
Ubetnir;;;tr;2020;-1;1325;1670;;802.69;Hot Young Masters
gutter_rat;;;us;;;;;;800;
Inc;;1987;us;2003;-1;3659;3843;2132;796.25;CsI, DjiNN
Bulletchen;;1993;ch;2015;-1;372;291;1989;790.43;mYinsanity
Wean Dinchester;;;at;2020;-1;969;3601;;786.94;LACA
Acuo;_CCS_Acuo;;cn;;-1;;;;779.33;CCS, White Wolf Palace
Socksyy;;1997;au;2013;-1;1711;252;2107;773.94;Alliance,The Jedi Masters,Straya
Enzberg;;1990;de;2019;-1;4612;662;1733;770;
L3af;;1985;us;2007;-1;187;19;1600;764.2;QuEnDi,Nadya�s Boys
Hoang;;1990;vn;2013;-1;9509;769;2398;760;DarkSidE
Hadeo;;;ma;;-1;727;2335;;757.32;
RollsRoyce;;1992;vn;2014;2023;259;747;2039;757.25;Vietnam Legends
Joey the Bonqueror;;;gb;;-1;2051;1727;;750;
Derptus;;;ee;2003;2012;;;1901;750;NacL
Pi;;;nl;;;;;;750;
RFR_Kringle;;;se;;;;;;750;
Janik;;1996;cz;2014;2023;206;645;;747.98;CZ,Devil's Justice
Berlin;;;de;;;;;;745.83;
Uzikoti;;;fr;2021;-1;1511;609;;741.6;Fox
Canary;orion_huns;1982;jp;2004;-1;9357;990;;740.67;CsI
OfeliaAoE;Ofelia,Nomadic Tribe;1995;es;2014;2022;1021;38;;737.28;
TRM;;1989;ch;2002;-1;2750;1627;;736.95;
Target331;target;;de;2020;-1;1330;3436;;732.44;
_VG_KG;KG;1987;cn;2014;;;;2004;731.43;
World_Chief_dj;;;cn;;;;;;731.43;
Skull;;;cz;2006;-1;4017;2429;2063;727.75;CZ,Devil's Justice
NoLo;Nolofinwe;;tr;2020;-1;50;1136;;726.67;
OzaKoz;;;fr;;;;;;726.64;
Yoshi_Lum;;;jp;;;;;;725.67;
RD_ChampioN;Kimchisarang;1982;kr;2000;2002;;;;725;The Legion Clan,Slayers
Eli;eli_jeli;;us;2020;-1;2464;2165;;710;
GoldenEnd;GoldenAcid;;nl;;-1;873;475;;708.02;Rulers of Rome
Cortes__;;;at;;;;;;707.5;
Kedaxx;;;fr;2020;-1;997;1359;;707.18;
Britz_Nannia;;;gb;;;;;;704.63;
fangxiaoqi;;;cn;;;;;;704.46;
Lighty;;;fr;;-1;5852;1008;;703.5;Fox,OwneD
JazBas;;;nz;;;;;;698;
D3rp;;1995;nl;2016;-1;3000;2777;2121;697.31;Lunacy,Clown Legion
Rgeadn;;1993;gb;2012;-1;194;3178;2040;696.8;The Jedi Masters
leogrampy;;;de;;-1;1547;3134;;686.5;
speedlimit;;1996;ru;2015;-1;766;3703;;685.84;
loveloveloveme;;;cn;;;;;;683.33;
POL_north;;;cn;;;;;;683.33;
_LK_SkyWalkeR_;;;cn;;;;;;683.33;
???;;;cn;;;;;;680.5;
???;;;cn;;;;;;680.5;
Tushen;;;cn;;;;;;680.5;
???;;;cn;;;;;;680.5;
Steelbread69;;;ch;;-1;372;3792;;669.77;
Ning_;;1994;tw;2020;-1;1973;2556;;667.16;Age of Queens
_Cath_Areo;;;cn;;;;;;666.67;
Sletten;;;no;2010;2015;;;1984;665.6;BuzZ
_VG_longsan;;;cn;;;;;;660;
Bishop;;;ar;;;;;;650;
Tulendeena;;;au;2015;-1;779;3083;1625;648.69;
robo;robo_boro;1995;au;2013;-1;263;2378;1914;643.87;The Jedi Masters,Straya,sQad
deaKer;;;ar;2020;-1;5861;1753;;638.71;
Mango;;1990;cz;2010;-1;219;843;2000;637.17;CZ,Devil's Justice
GUKI;;2008;mx;2022;-1;1222;531;;636.56;Combi,Fox
Escape;;;jp;2010;2017;;;1969;633.75;Power of Japan
mratin;;1995;se;2014;-1;483;1482;1969;627.07;Run Forrest Run
Tobi;;;pt;;;;;;625;
Apple;;;cn;;;;;;625;
Elfanor;;;be;;;;;;625;
CID_Redstar;;;ch;;;;;;625;
ronotovi;;;tr;;-1;174;854;;614.83;
may;;;jp;;-1;212;729;;614.27;
Yu__;;;cn;;;;;;613.1;
shiXo.#;;;de;;-1;9400;1735;;610.35;
Strategist;;;au;;;;;;606.8;
ElMago;Mago;;ar;;-1;1264;1098;;603.33;
m0re;;;es;;-1;4497;1120;;601.45;
ZhaZ;;;se;;;;;;600;
TheChobo;;;kz;;;;;;600;
Hackl;;;de;;;;;;600;
?????;;;cn;;;;;;600;
Ppoc;ppoc;;es;;;;;;597.68;Olympus
Cienki;;;pl;;;;;;597.62;PL
Whack;;;us;;;;;;593.47;
DOOMSTER;;;in;;-1;2555;5029;;591.36;
HJFE;;;no;;-1;296;1905;;590;
Dooidy;;;cn;;-1;2067;378;;589.53;
Eminme_;;;cn;;;;;;583.33;
Tokiwa;;;jp;;;;;;581.57;
HASAR;;;kz;;;;;;575;
Sleep;;;hk;;;;;;571.43;
Lewis333;lewis;;gb;;-1;5405;627;;569.2;
Sleepyswede;;;se;;-1;56;2453;;568.58;
Solara;;;il;;-1;2976;412;;566.5;
Wolf_silver;;;fr;;-1;2461;1749;;565.81;
C3mbrich;;;es;;-1;1212;3099;;563.58;
Skittle;;;de;;-1;285;513;;562.56;
Chrisyboo;;;gb;;-1;18;284;;560;
UKAK_Mouse;;;gb;;;;;;553.64;
Player_Theta;;;us;;;;;;550;
scripter64;;;;;;;;;550;
poZ_Eason;;;hk;;;;;;548.93;
TieuQuy;;;vn;;-1;4625;224;;547.81;
Julinse;;;de;;-1;80;65;;547.13;
Noszombie;;;au;;-1;5096;2183;;546.83;
Salytmacska;;;hu;;-1;747;782;;546.09;
X2_;;;cn;;;;;;543.84;
Kellar;;;no;;-1;610;913;;543.81;
rona;;;jp;;;;;;543.67;
oyacchan;;;jp;;;;;;543.67;
BM;;;jp;;;;;;543.67;
moko;;;jp;;;;;;543.67;
teck;;;jp;;;;;;543.67;
squeak;;;hu;;-1;553;882;;543.18;
Ray;;;hk;;;;;;537.5;
?11;;;cn;;;;;;537.5;
????;;;cn;;;;;;537.5;
XinYunboy;;;cn;;;;;;535.71;
Yiniaoer;;;cn;;;;;;535.71;
Luca8761;;;ca;;-1;943;436;;535.4;Rulers of Rome
AR12;;;de;;-1;3692;2449;;529.53;
Scandalf;;;it;;;;;;528.13;
Rory;;;tw;;;;;;525.72;
Niroxs;;;ch;;;;;;525.67;
hellrazor;;;dz;;;;;;525;
novalily;;;vn;;;;;;524.29;
Nyusika;;;fr;;-1;2808;1408;;523.93;
ffavorite_1;;;us;;-1;2808;10;;519.51;
glokken;;;nl;;-1;1696;944;;518.67;
Error;;;cz;;;;;;517.51;Devil's Justice
SUD_Tkenobi;;;ar;;;;;;500;
Darq_Ladywoogy;;;au;;;;;;500;
_VG_YouShang;;;cn;;;;;;500;
Gaodi;;;cn;;;;;;500;
DevilZ_Vasago;;;us;;;;;;500;
zjoe0;;;us;;;;;;500;
Mingudai;;;uy;;-1;695;267;;500;
kelar;;;de;;-1;1026;552;;495.06;
Geen;;;ca;;;;;;493.04;
Hasan;raiden;;us;;-1;367;956;;492.47;
Nixishin;;;ru;;-1;566;1659;;492.25;
Sir Explosive Hopper;;;us;;-1;168;1309;;491.67;
Capout;;;fr;;-1;1887;1791;;486.32;
LePos�idon;;;fr;;-1;1571;1695;;484.32;
xiaohai;;;cn;;-1;7702;1861;;478.75;LHD
Tointoin;;;fr;;-1;368;1864;;477.24;
GoB;;;fr;;;;;;474.37;
kw;;;tw;;-1;1785;3402;;473.11;
Snapy;;;co;;-1;591;930;;471.25;
chaos_2_win;;;de;;-1;2403;1279;;469.24;
PRieST;;;au;;;;;;464.29;
MrTempo;;;pe;;-1;4499;1560;;464.29;
Believe_Me;;;by;;;;;;462.71;
Adham;Adam,Xhing;;us;;-1;1832;1219;;460.74;
ashleylynn;;;us;;-1;3573;3147;;460;
GLX_Rusher;;;tr;;-1;5500;1080;;454.05;
Moczymorda;GeNeRaL_Z;;mt;2003;-1;1454;35;;453.33;Rulers of Rome
Funny_Liquid;;;il;;-1;237;18;;453.3;
roggy;;;tr;;-1;695;1565;;450.83;
Future_;;;de;;;;;;450;
The Otter One;;;de;;-1;1279;302;;448.18;
darvoi;;;gb;;-1;727;1042;;447.72;
Coffee2019;;;cn;;;;;;446;
CN-PUPY;;;cn;;;;;;446;
??;;;cn;;;;;;446;
Stefan;;;de;;-1;153;227;;445.61;
_qiu;;;cn;;;;;;442.14;
champsdugros;;;ch;;-1;1892;1843;;441.94;
Benpat;;;fr;;-1;3211;862;;441.56;
DragonBo;;;hk;;-1;379;635;;439.03;
Carbo;;;ar;;-1;4848;1440;;438.03;
madou;;;jp;;;;;;436.33;
okayu;;;jp;;;;;;436.33;
poll;;;jp;;;;;;436.33;
VicVega;;;mx;;;;;;433.93;
_pedro___;;;de;;;;;;433.39;
Erich M�ller;;;de;;-1;1172;801;;433.19;
Huehuecoyotl22;;;dk;;;;;;431;
SonyToprano;;;tr;;-1;5067;284;;428.96;
Dobbs351;;;dk;;-1;5241;472;;425.53;
Odette;;;cz;;-1;1253;589;;419;
????;ShenMing;;cn;;-1;663;208;;417.33;
Kanon;;;cn;;;;;;417.33;
????;;;cn;;;;;;417.33;
Abai;;;cn;;;;;;416.67;
_EMA_Kiss;;;cn;;;;;;416.67;
Jax_;;;cn;;;;;;416.66;
TeMo;;;ma;;-1;1035;1037;;415.72;
Juyhou;;;fi;;-1;476;1280;;414.39;
Chocobo;toko;;jp;;-1;186;461;;413.75;Power of Japan
dodonpa;;;jp;;;;;;413.75;
DemonSheep;;;tw;;-1;2160;1263;;411.38;
Zetnus;;;de;;-1;248;50;;408;
Dfx2;;;fr;;-1;2656;2548;;406.68;
_FJ_psNps;;;cn;;;;;;406.44;
Jerry;;;us;;-1;670;401;;405.06;
dave_hun;;;hu;;-1;3779;725;;403;
Kougrialka;;;fr;;-1;216;787;;400.63;
SiFly;;;nl;;-1;16;36;;400;
banztenak_19;;;de;;-1;667;2203;;400;
Whistler;;;us;;-1;221;81;;400;
Keldim;;;ar;;-1;1352;81;;400;
MyteaLlama;;;us;;;;;;400;
Ass_Kickerwa;SuperMamaReddy;;in;;-1;613;2317;;397.22;
